<?xml version="1.0" encoding="UTF-8"?>
<feature
      id="org.tgi.limit-concurrent-session.feature"
      label="Limit Concurrent Session Feature"
      version="1.0.0.qualifier">

   <description url="http://www.example.com/description">
      [Enter Feature Description here.]
   </description>

   <copyright url="http://www.example.com/copyright">
      [Enter Copyright Description here.]
   </copyright>

   <license url="http://www.example.com/license">
      [Enter License Description here.]
   </license>

   <requires>
      <import plugin="org.adempiere.base" version="2.0.0" match="greaterOrEqual"/>
      <import plugin="org.adempiere.plugin.utils" version="2.0.0" match="greaterOrEqual"/>
      <import plugin="org.adempiere.ui" version="2.0.0" match="greaterOrEqual"/>
      <import plugin="org.adempiere.ui.zk" version="2.0.0" match="greaterOrEqual"/>
      <import plugin="org.zkoss.zk.library" version="6.0.0" match="greaterOrEqual"/>
      <import plugin="org.adempiere.base.process" version="2.0.0" match="greaterOrEqual"/>
      <import plugin="org.apache.ant" version="1.7.1" match="greaterOrEqual"/>
   </requires>

   <plugin
         id="org.tgi.limit-concurrent-session"
         download-size="0"
         install-size="0"
         version="0.0.0"
         unpack="false"/>

</feature>
